School Name,STAR Location Code,Area,Begin,Min.,Instr.,Min.,Recess,Min.,Instr.,Min.,Lunch,Min.,Instr.,Min.,Recess,Min.,Instr.,Min.,Dismiss,Min.,After
Adrienne Clarkson,201227,Central,07:50,00:15,08:05,02:00,10:05,00:30,10:35,01:20,11:55,01:00,12:55,01:40,,00:00,,00:00,14:35,00:15,14:50
Aldergrove,301422,East,08:15,00:15,08:30,01:40,10:10,00:30,10:40,01:40,12:20,01:00,13:20,01:40,,00:00,,00:00,15:00,00:15,15:15
Alexander Muir,101144,North,07:45,00:15,08:00,01:40,09:40,00:30,10:10,01:40,11:50,01:00,12:50,01:40,,00:00,,00:00,14:30,00:15,14:45
Anne Frank,401357,West,08:55,00:15,09:10,01:40,10:50,00:30,11:20,01:40,13:00,01:00,14:00,01:40,,00:00,,00:00,15:40,00:15,15:55
Armadale,301423,East,08:15,00:15,08:30,01:40,10:10,00:30,10:40,01:40,12:20,01:00,13:20,01:40,,00:00,,00:00,15:00,00:15,15:15
Armitage Village,101123,North,08:30,15:00,08:45,01:40,10:25,00:20,10:45,01:40,12:25,01:00,13:25,01:40,,00:00,,00:00,15:05,00:15,15:20
Ashton Meadows,301426,East,08:15,00:15,08:30,01:40,10:10,00:30,10:40,01:40,12:20,01:00,13:20,01:40,,00:00,,00:00,15:00,00:15,15:15
Aurora Grove,201223,Central,08:45,00:15,09:00,01:40,10:40,00:30,11:10,01:40,12:50,01:00,13:50,01:40,,00:00,,00:00,15:30,00:15,15:45
Aurora Heights,201222,Central,08:40,00:15,08:55,01:40,10:35,00:30,11:05,01:40,12:45,01:00,13:45,01:40,,00:00,,00:00,15:25,00:15,15:40
Bakersfield,401330,West,08:40,00:15,08:55,02:00,10:55,00:20,11:15,01:20,12:35,01:00,13:35,01:40,,00:00,,00:00,15:15,00:15,15:30
Ballantrae,101230,North,08:00,00:15,08:15,01:40,09:55,00:30,10:25,01:40,12:05,01:00,13:05,01:40,,00:00,,00:00,14:45,00:15,15:00
Barbara Reid,101152,North,08:55,00:15,09:10,02:00,11:10,00:30,11:40,01:20,13:00,01:00,14:00,01:40,,00:00,,00:00,15:40,00:15,15:55
Baythorn,401424,West,08:15,00:15,08:30,01:40,10:10,00:30,10:40,01:40,12:20,01:00,13:20,01:40,,00:00,,00:00,15:00,00:15,15:15
Bayview Fairways,401428,West,08:45,00:15,09:00,01:40,10:40,00:30,11:10,01:40,12:50,01:00,13:50,01:40,,00:00,,00:00,15:30,00:15,15:45
Bayview Glen,401432,West,08:15,00:15,08:30,01:40,10:10,00:30,10:40,01:40,12:20,01:00,13:20,01:40,,00:00,,00:00,15:00,00:15,15:15
Bayview Hill,201329,Central,08:45,00:15,09:00,01:40,10:40,00:30,11:10,01:40,12:50,01:00,13:50,01:40,,00:00,,00:00,15:30,00:15,15:45
Beckett Farm,301478,East,08:55,00:15,09:10,01:40,10:50,00:30,11:20,01:40,13:00,01:00,14:00,01:40,,00:00,,00:00,15:40,00:15,15:55
Beverley Acres,201323,Central,07:45,00:15,08:00,01:50,09:50,00:20,10:10,01:20,11:30,01:00,12:30,01:50,,00:00,,00:00,14:20,00:15,14:35
Beynon Fields,201249,Central,08:25,00:15,08:40,01:40,10:20,00:30,10:50,01:40,12:30,01:00,13:30,01:40,,00:00,,00:00,15:10,00:15,15:25
Black River,101126,North,08:55,00:15,09:10,01:40,10:50,00:30,11:20,01:40,13:00,01:00,14:00,01:40,,00:00,,00:00,15:40,00:15,15:55
Black Walnut,301476,East,08:45,00:15,09:00,01:40,10:40,00:30,11:10,01:40,12:50,01:00,13:50,01:40,,00:00,,00:00,15:30,00:15,15:45
Blue Willow,401325,West,08:10,00:15,08:25,01:40,10:05,00:20,10:25,01:40,12:05,01:00,13:05,01:40,,00:00,,00:00,14:45,00:15,15:00
Bogart,101128,North,08:05,00:15,08:20,01:40,10:00,00:30,10:30,01:40,12:10,01:00,13:10,01:40,,00:00,,00:00,14:50,00:15,15:05
Bond Lake,201248,Central,07:50,00:15,08:05,01:40,09:45,00:20,10:05,01:40,11:45,01:00,12:45,01:40,,00:00,,00:00,14:25,00:15,14:40
Boxwood,301427,East,08:40,00:15,08:55,01:40,10:35,00:30,11:05,01:40,12:45,01:00,13:45,01:40,,00:00,,00:00,15:25,00:15,15:40
Brownridge,401221,West,08:25,00:15,08:40,01:40,10:20,00:20,10:40,01:40,12:20,01:00,13:20,01:40,,00:00,,00:00,15:00,00:15,15:15
Burrlington Outdoor,401352,West,08:30,00:15,08:45,01:40,10:25,00:30,10:55,01:40,12:35,01:00,13:35,01:40,,00:00,,00:00,15:15,00:15,15:30
Buttonville,301421,East,08:20,00:15,08:35,01:40,10:15,00:30,10:45,01:40,12:25,01:00,13:25,01:40,,00:00,,00:00,15:05,00:15,15:20
Carrville Mills,401349,West,08:40,00:15,08:55,01:40,10:35,00:20,10:55,01:40,12:35,01:00,13:35,01:40,,00:00,,00:00,15:15,00:15,15:30
Castlemore,301435,East,08:15,00:15,08:30,01:40,10:10,00:30,10:40,01:40,12:20,01:00,13:20,01:40,,00:00,,00:00,15:00,00:15,15:15
Cedarwood,301443,East,07:45,00:15,08:00,01:40,09:40,00:30,10:10,01:40,11:50,01:00,12:50,01:40,,00:00,,00:00,14:30,00:15,14:45
Central Park,301431,East,08:45,00:15,09:00,01:40,10:40,00:30,11:10,01:40,12:50,01:00,13:50,01:40,,00:00,,00:00,15:30,00:15,15:45
Charles Howitt,201327,Central,08:45,00:15,09:00,01:40,10:40,00:30,11:10,01:40,12:50,01:00,13:50,01:40,,00:00,,00:00,15:30,00:15,15:45
Charlton,401233,West,08:20,00:15,08:35,01:40,10:15,00:30,10:45,01:40,12:25,01:00,13:25,01:40,,00:00,,00:00,15:05,00:15,15:20
Clearmeadow,101136,North,08:45,00:15,09:00,01:40,10:40,00:20,11:00,01:40,12:40,01:00,13:40,01:40,,00:00,,00:00,15:20,00:15,15:35
Coledale,301430,East,08:40,00:15,08:55,01:40,10:35,00:30,11:05,01:40,12:45,01:00,13:45,01:40,,00:00,,00:00,15:25,00:15,15:40
Coppard Glen,301437,East,08:40,00:15,08:55,01:40,10:35,00:30,11:05,01:40,12:45,01:00,13:45,01:40,,00:00,,00:00,15:25,00:15,15:40
Cornell Village,301445,East,08:45,00:15,09:00,01:40,10:40,00:30,11:10,01:40,12:50,01:00,13:50,01:40,,00:00,,00:00,15:30,00:15,15:45
Crosby Heights,201331,Central,08:20,00:15,08:35,01:40,10:15,00:30,10:45,01:40,12:25,01:00,13:25,01:40,,00:00,,00:00,15:05,00:15,15:20
Crossland,101127,North,08:45,00:15,09:00,01:40,10:40,00:30,11:10,01:40,12:50,01:00,13:50,01:40,,00:00,,00:00,15:30,00:15,15:45
David Suzuki,301469,East,08:50,00:15,09:05,01:40,10:45,00:30,11:15,01:40,12:55,01:00,13:55,01:40,,00:00,,00:00,15:35,00:15,15:50
Deer Park,101129,North,08:00,00:15,08:15,01:40,09:55,00:30,10:25,01:40,12:05,01:00,13:05,01:40,,00:00,,00:00,14:45,00:15,15:00
Denne,101131,North,08:45,00:15,09:00,01:40,10:40,00:30,11:10,01:40,12:50,01:00,13:50,01:40,,00:00,,00:00,15:30,00:15,15:45
Devins Drive,201234,Central,08:40,00:15,08:55,01:40,10:35,00:30,11:05,01:40,12:45,01:00,13:45,01:40,,00:00,,00:00,15:25,00:15,15:40
Discovery,401328,West,08:10,00:15,08:25,01:40,10:05,00:20,10:25,01:40,12:05,01:00,13:05,01:40,,00:00,,00:00,14:45,00:15,15:00
Donald Cousens,301470,East,07:55,00:15,08:10,01:40,09:50,00:30,10:20,01:40,12:00,01:00,13:00,01:40,,00:00,,00:00,14:40,00:15,14:55
Doncrest,201333,Central,08:20,00:15,08:35,01:40,10:15,00:30,10:45,01:40,12:25,01:00,13:25,01:40,,00:00,,00:00,15:05,00:15,15:20
Dr. Roberta Bondar,401350,West,08:00,00:15,08:15,01:40,09:55,00:20,10:15,01:40,11:55,01:00,12:55,01:40,,00:00,,00:00,14:35,00:15,14:50
E.J. Sand,401468,West,08:45,00:15,09:00,01:40,10:40,00:20,11:00,01:40,12:40,01:00,13:40,01:40,,00:00,,00:00,15:20,00:15,15:35
Edward T. Crowle,301433,East,08:45,00:15,09:00,01:40,10:40,00:30,11:10,01:40,12:50,01:00,13:50,01:40,,00:00,,00:00,15:30,00:15,15:45
Elder's Mills,401324,West,08:30,00:15,08:45,01:40,10:25,00:30,10:55,01:40,12:35,01:00,13:35,01:40,,00:00,,00:00,15:15,00:15,15:30
Ellen Fairclough,301459,East,07:55,00:15,08:10,01:40,09:50,00:30,10:20,01:40,12:00,01:00,13:00,01:40,,00:00,,00:00,14:40,00:15,14:55
Fairwood,101138,North,08:05,00:15,08:20,01:40,10:00,00:30,10:30,01:40,12:10,01:00,13:10,01:40,,00:00,,00:00,14:50,00:15,15:05
Forest Run,401334,West,08:20,00:15,08:35,01:40,10:15,00:20,10:35,01:40,12:15,01:00,13:15,01:40,,00:00,,00:00,14:55,00:15,15:10
Fossil Hill,401340,West,08:25,00:15,08:40,01:40,10:20,00:20,10:40,01:40,12:20,01:00,13:20,01:40,,00:00,,00:00,15:00,00:15,15:15
Franklin Street,301436,East,08:00,00:15,08:15,01:40,09:55,00:30,10:25,01:40,12:05,01:00,13:05,01:40,,00:00,,00:00,14:45,00:15,15:00
Fred Varley,301477,East,07:45,00:15,08:00,01:40,09:40,00:30,10:10,01:40,11:50,01:00,12:50,01:40,,00:00,,00:00,14:30,00:15,14:45
German Mills,401440,West,08:45,00:15,09:00,01:40,10:40,00:30,11:10,01:40,12:50,01:00,13:50,01:40,,00:00,,00:00,15:30,00:15,15:45
Giant Steps Program,401344,West,08:30,00:15,08:45,01:40,10:25,00:30,10:55,01:40,12:35,01:00,13:35,01:40,,,,00:00,15:15,00:15,15:30
Glad Park,101438,North,08:00,00:15,08:15,01:40,09:55,00:30,10:25,01:40,12:05,01:00,13:05,01:40,,00:00,,00:00,14:45,00:15,15:00
Glen Cedar,101132,North,08:15,00:15,08:30,01:40,10:10,00:30,10:40,01:40,12:20,01:00,13:20,01:40,,00:00,,00:00,15:00,00:15,15:15
Glen Shields,401337,West,08:45,00:15,09:00,01:40,10:40,00:20,11:00,01:40,12:40,01:00,13:40,01:40,,00:00,,00:00,15:20,00:15,15:35
Glenn Gould,401358,West,08:50,00:15,09:05,01:40,10:45,00:20,11:05,01:40,12:45,01:00,13:45,01:40,,00:00,,00:00,15:25,00:15,15:40
Greensborough,301447,East,08:45,00:15,09:00,01:40,10:40,00:30,11:10,01:40,12:50,01:00,13:50,01:40,,00:00,,00:00,15:30,00:15,15:45
H.G. Bernard,201322,Central,08:15,00:15,08:30,01:40,10:10,00:30,10:40,01:40,12:20,01:00,13:20,01:40,,00:00,,00:00,15:00,00:15,15:15
Harry Bowes,101473,North,08:15,00:15,08:30,01:40,10:10,00:30,10:40,01:40,12:20,01:00,13:20,01:40,,00:00,,00:00,15:00,00:15,15:15
Hartman,201245,Central,08:45,00:15,09:00,01:40,10:40,00:30,11:10,01:40,12:50,01:00,13:50,01:40,,00:00,,00:00,15:30,00:15,15:45
Henderson Avenue,401444,West,08:45,00:15,09:00,01:40,10:40,00:20,11:00,01:40,12:40,01:00,13:40,01:40,,00:00,,00:00,15:20,00:15,15:35
Herbert H. Carnegie,401353,West,08:00,00:15,08:15,01:40,09:55,00:20,10:15,01:40,11:55,01:00,12:55,01:40,,00:00,,00:00,14:35,00:15,14:50
Highgate,301446,East,08:15,00:15,08:30,01:40,10:10,00:20,10:30,01:40,12:10,01:00,13:10,01:40,,00:00,,00:00,14:50,00:15,15:05
Highview,201239,Central,08:20,00:15,08:35,01:40,10:15,00:30,10:45,01:40,12:25,01:00,13:25,01:40,,00:00,,00:00,15:05,00:15,15:20
Holland Landing,101134,North,08:45,00:15,09:00,01:40,10:40,00:30,11:10,01:40,12:50,01:00,13:50,01:40,,00:00,,00:00,15:30,00:15,15:45
J.L.R. Bell,101125,North,08:20,00:15,08:35,01:40,10:15,00:30,10:45,01:40,12:25,01:00,13:25,01:40,,00:00,,00:00,15:05,00:15,15:20
James Robinson,301448,East,08:15,00:15,08:30,01:40,10:10,00:30,10:40,01:40,12:20,01:00,13:20,01:40,,00:00,,00:00,15:00,00:15,15:15
Jersey,101137,North,08:50,00:15,09:05,01:40,10:45,00:30,11:15,01:40,12:55,01:00,13:55,01:40,,00:00,,00:00,15:35,00:15,15:50
John McCrae,301458,East,08:45,00:15,09:00,01:40,10:40,00:30,11:10,01:40,12:50,01:00,13:50,01:40,,00:00,,00:00,15:30,00:15,15:45
Johnny Lombardi,401362,West,07:45,00:15,08:00,02:00,10:00,00:30,10:30,01:20,11:50,01:00,12:50,01:40,,00:00,,00:00,14:30,00:15,14:45
Johnsview Village,401450,West,08:45,00:15,09:00,01:40,10:40,00:30,11:10,01:40,12:50,01:00,13:50,01:40,,00:00,,00:00,15:30,00:15,15:45
Joseph A. Gibson,401343,West,08:15,00:15,08:30,01:40,10:10,00:30,10:40,01:40,12:20,01:00,13:20,01:40,,00:00,,00:00,15:00,00:15,15:15
Julliard,401345,West,07:45,00:15,08:00,01:40,09:40,00:30,10:10,01:40,11:50,01:00,12:50,01:40,,00:00,,00:00,14:30,00:15,14:45
Keswick,101141,North,08:45,00:15,09:00,01:40,10:40,00:30,11:10,01:40,12:50,01:00,13:50,01:40,,00:00,,00:00,15:30,00:15,15:45
Kettle Lakes,201247,Central,08:15,00:15,08:30,01:40,10:10,00:30,10:40,01:40,12:20,01:00,13:20,01:40,,00:00,,00:00,15:00,00:15,15:15
Kettleby,201242,Central,08:40,00:15,08:55,01:40,10:35,00:30,11:05,01:40,12:45,01:00,13:45,01:40,,00:00,,00:00,15:25,00:15,15:40
King City,201250,Central,08:45,00:15,09:00,01:40,10:40,00:30,11:10,01:40,12:50,01:00,13:50,01:40,,00:00,,00:00,15:30,00:15,15:45
Kleinburg,401347,West,08:20,00:15,08:35,01:40,10:15,00:20,10:35,01:40,12:15,01:00,13:15,01:40,,00:00,,00:00,14:55,00:15,15:10
Lake Simcoe,101135,North,07:55,00:15,08:10,01:40,09:50,00:30,10:20,01:40,12:00,01:00,13:00,01:40,,00:00,,00:00,14:40,00:15,14:55
Lake Wilcox,201252,Central,07:50,00:15,08:05,01:40,09:45,00:30,10:15,01:40,11:55,01:00,12:55,01:40,,00:00,,00:00,14:35,00:15,14:50
Lakeside,101143,North,07:55,00:15,08:10,01:40,09:50,00:30,10:20,01:40,12:00,01:00,13:00,01:40,,00:00,,00:00,14:40,00:15,14:55
Legacy,301471,East,08:45,00:15,09:00,01:40,10:40,00:30,11:10,01:40,12:50,01:00,13:50,01:40,,00:00,,00:00,15:30,00:15,15:45
Lester B. Pearson,201253,Central,08:50,00:15,09:05,02:00,11:05,00:30,11:35,01:00,12:35,01:00,13:35,02:00,,00:00,,00:00,15:35,00:15,15:50
Lincoln Alexander,301453,East,08:15,00:15,08:30,01:40,10:10,00:30,10:40,01:40,12:20,01:00,13:20,01:40,,00:00,,00:00,15:00,00:15,15:15
Little Rouge,301463,East,08:45,00:15,09:00,01:40,10:40,00:30,11:10,01:40,12:50,01:00,13:50,01:40,,00:00,,00:00,15:30,00:15,15:45
Lorna Jackson,401341,West,08:30,00:15,08:45,01:40,10:25,00:30,10:55,01:40,12:35,01:00,13:35,01:40,,00:00,,00:00,15:15,00:15,15:30
Louis-Honore Frechette,401338,West,09:05,00:15,09:20,01:40,11:00,00:30,11:30,01:40,13:10,01:00,14:10,01:40,,00:00,,00:00,15:50,00:15,16:05
Mackenzie Glen,401336,West,08:00,00:15,08:15,01:40,09:55,00:20,10:15,01:40,11:55,01:00,12:55,01:40,,00:00,,00:00,14:35,00:15,14:50
MacLeod's Landing,201243,Central,08:50,00:15,09:05,01:40,10:45,00:30,11:15,01:40,12:55,01:00,13:55,01:40,,00:00,,00:00,15:35,00:15,15:50
Maple Creek,401332,West,08:05,00:15,08:20,01:40,10:00,00:30,10:30,01:40,12:10,01:00,13:10,01:40,,00:00,,00:00,14:50,00:15,15:05
Maple Leaf,101145,North,08:45,00:15,09:00,01:40,10:40,00:30,11:10,01:40,12:50,01:00,13:50,01:40,,00:00,,00:00,15:30,00:15,15:45
Markham Gateway,301429,East,08:05,00:15,08:20,01:40,10:00,00:30,10:30,01:40,12:10,01:00,13:10,01:40,,00:00,,00:00,14:50,00:15,15:05
Mazo de la Roche,101147,North,07:45,00:15,08:00,01:40,09:40,00:30,10:10,01:40,11:50,01:00,12:50,01:40,,00:00,,00:00,14:30,00:15,14:45
Meadowbrook,101149,North,08:15,00:15,08:30,01:40,10:10,00:30,10:40,01:40,12:20,01:00,13:20,01:40,,00:00,,00:00,15:00,00:15,15:15
MichaÃ«lle Jean,201244,Central,07:45,00:15,08:00,01:40,09:40,00:20,10:00,01:40,11:40,01:00,12:40,01:40,,00:00,,00:00,14:20,00:15,14:35
Michael Cranny,401326,West,08:00,00:15,08:15,01:40,09:55,00:20,10:15,01:40,11:55,01:00,12:55,01:40,,00:00,,00:00,14:35,00:15,14:50
Milliken Mills,301451,East,08:05,00:15,08:20,01:40,10:00,00:20,10:20,01:40,12:00,01:00,13:00,01:40,,00:00,,00:00,14:40,00:15,14:55
Milne Outdoor,301461,East,08:15,00:15,08:30,01:40,10:10,00:30,10:40,01:40,12:20,01:00,13:20,01:40,,00:00,,00:00,15:00,00:15,15:15
Moraine Hills,201241,Central,08:15,00:15,08:30,01:40,10:10,00:20,10:30,01:40,12:10,01:00,13:10,01:40,,00:00,,00:00,14:50,00:15,15:05
Morning Glory,101153,North,07:55,00:15,08:10,01:40,09:50,00:30,10:20,01:40,12:00,01:00,13:00,01:40,,00:00,,00:00,14:40,00:15,14:55
Mount Albert,101157,North,08:00,00:15,08:15,01:40,09:55,00:30,10:25,01:40,12:05,01:00,13:05,01:40,,00:00,,00:00,14:45,00:15,15:00
Mount Joy,301467,East,08:00,00:15,08:15,01:40,09:55,00:30,10:25,01:40,12:05,01:00,13:05,01:40,,00:00,,00:00,14:45,00:15,15:00
Nellie McClung,401361,West,08:55,00:15,09:10,01:40,10:50,00:20,11:10,01:40,12:50,01:00,13:50,01:40,,00:00,,00:00,15:30,00:15,15:45
Nobleton,201262,Central,08:45,00:15,09:00,01:40,10:40,00:30,11:10,01:40,12:50,01:00,13:50,01:40,,00:00,,00:00,15:30,00:15,15:45
Nokiidaa,301475,East,07:50,00:15,08:05,01:40,09:45,00:30,10:15,01:40,11:55,01:00,12:55,01:40,,00:00,,00:00,14:35,00:15,14:50
Northern Lights,201235,Central,08:30,00:15,08:45,01:40,10:25,00:30,10:55,01:40,12:35,01:00,13:35,01:40,,00:00,,00:00,15:15,00:15,15:30
O.M. MacKillop,201355,Central,08:50,00:15,09:05,01:40,10:45,00:30,11:15,01:40,12:55,01:00,13:55,01:40,,00:00,,00:00,15:35,00:15,15:50
Oak Ridges,201268,Central,08:15,00:15,08:30,01:40,10:10,00:30,10:40,01:40,12:20,01:00,13:20,01:40,,00:00,,00:00,15:00,00:15,15:15
Oscar Peterson,101465,North,08:35,00:15,08:50,01:40,10:30,00:30,11:00,01:40,12:40,01:00,13:40,01:40,,00:00,,00:00,15:20,00:15,15:35
Park Avenue,101161,North,08:15,00:15,08:30,01:40,10:10,00:20,10:30,01:40,12:10,01:00,13:10,01:40,,00:00,,00:00,14:50,00:15,15:05
Parkland,301439,East,08:15,00:15,08:30,01:40,10:10,00:30,10:40,01:40,12:20,01:00,13:20,01:40,,00:00,,00:00,15:00,00:15,15:15
Parkview,301452,East,08:15,00:15,08:30,01:40,10:10,00:30,10:40,01:40,12:20,01:00,13:20,01:40,,00:00,,00:00,15:00,00:15,15:15
Phoebe Gilman,101155,North,08:15,00:15,08:30,02:00,10:30,00:30,11:00,01:20,12:20,01:00,13:20,01:40,,00:00,,00:00,15:00,00:15,15:15
Pierre Berton,401356,West,08:15,00:15,08:30,01:40,10:10,00:20,10:30,01:40,12:10,01:00,13:10,01:40,,00:00,,00:00,14:50,00:15,15:05
Pine Grove,401363,West,08:10,00:15,08:25,01:40,10:05,00:20,10:25,01:40,12:05,01:00,13:05,01:40,,00:00,,00:00,14:45,00:15,15:00
Pleasantville,201367,Central,08:30,00:15,08:45,01:40,10:25,00:30,10:55,01:40,12:35,01:00,13:35,01:40,,00:00,,00:00,15:15,00:15,15:30
Poplar Bank,101146,North,07:50,00:15,08:05,01:40,09:45,00:30,10:15,01:40,11:55,01:00,12:55,01:40,,00:00,,00:00,14:35,00:15,14:50
Prince Charles,101165,North,08:25,00:15,08:40,01:40,10:20,00:30,10:50,01:40,12:30,01:00,13:30,01:40,,00:00,,00:00,15:10,00:15,15:25
Queensville,101169,North,08:35,00:15,08:50,01:40,10:30,00:30,11:00,01:40,12:40,01:00,13:40,01:40,,00:00,,00:00,15:20,00:15,15:35
R.L. Graham,101133,North,08:00,00:15,08:15,02:00,10:15,00:30,10:45,01:20,12:05,01:00,13:05,01:40,,00:00,,00:00,14:45,00:15,15:00
Ramer Wood,301454,East,08:30,00:15,08:45,01:40,10:25,00:30,10:55,01:40,12:35,01:00,13:35,01:40,,00:00,,00:00,15:15,00:15,15:30
Randall,301455,East,08:45,00:15,09:00,01:40,10:40,00:30,11:10,01:40,12:50,01:00,13:50,01:40,,00:00,,00:00,15:30,00:15,15:45
Red Maple,201224,Central,08:15,00:15,08:30,01:40,10:10,00:30,10:40,01:40,12:20,01:00,13:20,01:40,,00:00,,00:00,15:00,00:15,15:15
Redstone,201232,Central,08:55,00:15,09:10,01:40,10:50,00:20,11:10,01:40,12:50,01:00,13:50,01:40,,00:00,,00:00,15:30,00:15,15:45
Reesor Park,301456,East,08:10,00:15,08:25,01:40,10:05,00:30,10:35,01:40,12:15,01:00,13:15,01:40,,00:00,,00:00,14:55,00:15,15:10
Regency Acres,201274,Central,08:10,00:15,08:25,01:40,10:05,00:30,10:35,01:40,12:15,01:00,13:15,01:40,,00:00,,00:00,14:55,00:15,15:10
Richmond Rose,201276,Central,08:20,00:15,08:35,01:40,10:15,00:30,10:45,01:40,12:25,01:00,13:25,01:40,,00:00,,00:00,15:05,00:15,15:20
Rick Hansen,201251,Central,08:55,00:15,09:10,01:40,10:50,00:30,11:20,01:40,13:00,01:00,14:00,01:40,,00:00,,00:00,15:40,00:15,15:55
Robert Munsch,101156,North,07:55,00:15,08:10,01:40,09:50,00:30,10:20,01:40,12:00,01:00,13:00,01:40,,00:00,,00:00,14:40,00:15,14:55
Rogers,101173,North,08:00,00:15,08:15,01:40,09:55,00:30,10:25,01:40,12:05,01:00,13:05,01:40,,00:00,,00:00,14:45,00:15,15:00
Romeo Dallaire,401354,West,08:50,00:15,09:05,01:40,10:45,00:30,11:15,01:40,12:55,01:00,13:55,01:40,,00:00,,00:00,15:35,00:15,15:50
Rosedale Heights,401370,West,08:15,00:15,08:30,01:40,10:10,00:20,10:30,01:40,12:10,01:00,13:10,01:40,,00:00,,00:00,14:50,00:15,15:05
Roselawn,201371,Central,08:50,00:15,09:05,01:40,10:45,00:30,11:15,01:40,12:55,01:00,13:55,01:40,,00:00,,00:00,15:35,00:15,15:50
Ross Doan,201375,Central,08:45,00:15,09:00,01:40,10:40,00:30,11:10,01:40,12:50,01:00,13:50,01:40,,00:00,,00:00,15:30,00:15,15:45
Rouge Park,301479,East,07:55,00:15,08:10,01:40,09:50,00:30,10:20,01:40,12:00,01:00,13:00,01:40,,00:00,,00:00,14:40,00:15,14:55
Roy H. Crosby,301460,East,08:20,00:15,08:35,01:40,10:15,00:30,10:45,01:40,12:25,01:00,13:25,01:40,,00:00,,00:00,15:05,00:15,15:20
Sam Chapman,301474,East,07:50,00:15,08:05,02:00,10:05,00:30,10:35,01:20,11:55,01:00,12:55,01:40,,00:00,,00:00,14:35,00:15,14:50
Schomberg,201278,Central,08:35,00:15,08:50,01:40,10:30,00:30,11:00,01:40,12:40,01:00,13:40,01:40,,00:00,,00:00,15:20,00:15,15:35
Sharon,101177,North,08:55,00:15,09:10,01:40,10:50,00:30,11:20,01:40,13:00,01:00,14:00,01:40,,00:00,,00:00,15:40,00:15,15:55
Sibbald Pt Outdoor,101142,North,08:15,00:15,08:30,01:40,10:10,00:30,10:40,01:40,12:20,01:00,13:20,01:40,,00:00,,00:00,15:00,00:15,15:15
Silver Pines,201376,Central,08:15,00:15,08:30,01:40,10:10,00:30,10:40,01:40,12:20,01:00,13:20,01:40,,00:00,,00:00,15:00,00:15,15:15
Silver Stream,201225,Central,07:50,00:15,08:05,01:40,09:45,00:30,10:15,01:40,11:55,01:00,12:55,01:40,,00:00,,00:00,14:35,00:15,14:50
Sir Wilfrid Laurier,301462,East,08:15,00:15,08:30,01:40,10:10,00:30,10:40,01:40,12:20,01:00,13:20,01:40,,00:00,,00:00,15:00,00:15,15:15
Sixteenth Avenue,201379,Central,08:40,00:15,08:55,01:40,10:35,00:30,11:05,01:40,12:45,01:00,13:45,01:40,,00:00,,00:00,15:25,00:15,15:40
Stonebridge,301441,East,08:40,00:15,08:55,01:40,10:35,00:30,11:05,01:40,12:45,01:00,13:45,01:40,,00:00,,00:00,15:25,00:15,15:40
Stonehaven,101179,North,08:10,00:15,08:25,01:40,10:05,00:30,10:35,01:40,12:15,01:00,13:15,01:40,,00:00,,00:00,14:55,00:15,15:10
Stornoway Cres.,401472,West,08:25,00:15,08:40,01:40,10:20,00:30,10:50,01:40,12:30,01:00,13:30,01:40,,00:00,,00:00,15:10,00:15,15:25
Stuart Scott,101181,North,08:15,00:15,08:30,01:40,10:10,00:30,10:40,01:40,12:20,01:00,13:20,01:40,,00:00,,00:00,15:00,00:15,15:15
Summitview,101282,North,08:15,00:15,08:30,01:40,10:10,00:30,10:40,01:40,12:20,01:00,13:20,01:40,,00:00,,00:00,15:00,00:15,15:15
Sutton,101185,North,07:55,00:15,08:10,01:40,09:50,00:30,10:20,01:40,12:00,01:00,13:00,01:40,,00:00,,00:00,14:40,00:15,14:55
Swan Lake Outdoor,201256,Central,08:15,00:15,08:30,01:40,10:10,00:30,10:40,01:40,12:20,01:00,13:20,01:40,,00:00,,00:00,15:00,00:15,15:15
Tanya Khan,401369,West,07:55,00:15,08:10,01:40,09:50,00:30,10:20,01:40,12:00,01:00,13:00,01:40,,00:00,,00:00,14:40,00:15,14:55
Terry Fox,101140,North,07:45,00:15,08:00,01:40,09:40,00:30,10:10,01:40,11:50,01:00,12:50,01:40,,00:00,,00:00,14:30,00:15,14:45
Teston Village,401342,West,08:00,00:15,08:15,01:40,09:55,00:20,10:15,01:40,11:55,01:00,12:55,01:40,,00:00,,00:00,14:35,00:15,14:50
Thornhill,401381,West,08:15,00:15,08:30,01:40,10:10,00:20,10:30,01:40,12:10,01:00,13:10,01:40,,00:00,,00:00,14:50,00:15,15:05
Thornhill Woods,401346,West,08:45,00:15,09:00,01:40,10:40,00:20,11:00,01:40,12:40,01:00,13:40,01:40,,00:00,,00:00,15:20,00:15,15:35
Trillium Woods,201237,Central,08:20,00:15,08:35,01:40,10:15,00:30,10:45,01:40,12:25,01:00,13:25,01:40,,00:00,,00:00,15:05,00:15,15:20
Unionville,301480,East,08:45,00:15,09:00,01:40,10:40,00:30,11:10,01:40,12:50,01:00,13:50,01:40,,00:00,,00:00,15:30,00:15,15:45
Unionville Meadows,301449,East,08:15,00:15,08:30,01:40,10:10,00:30,10:40,01:40,12:20,01:00,13:20,01:40,,00:00,,00:00,15:00,00:15,15:15
Vellore Woods,401321,West,08:25,00:15,08:40,01:40,10:20,00:20,10:40,01:40,12:20,01:00,13:20,01:40,,00:00,,00:00,15:00,00:15,15:15
Ventura Park,401382,West,08:45,00:15,09:00,02:00,11:00,00:20,11:20,01:20,12:40,01:00,13:40,01:40,,00:00,,00:00,15:20,00:15,15:35
Victoria Square,301485,East,07:50,00:15,08:05,01:40,09:45,00:30,10:15,01:40,11:55,01:00,12:55,01:40,,00:00,,00:00,14:35,00:15,14:50
Viola Desmond,401378,West,08:55,00:15,09:10,01:40,10:50,00:30,11:20,01:40,13:00,01:00,14:00,01:40,,00:00,,00:00,15:40,00:15,15:55
Vivian Outdoor,101231,North,08:15,00:15,08:30,01:40,10:10,00:30,10:40,01:40,12:20,01:00,13:20,01:40,,00:00,,00:00,15:00,00:15,15:15
W.J. Watson,101188,North,08:45,00:15,09:00,01:40,10:40,00:30,11:10,01:40,12:50,01:00,13:50,01:40,,00:00,,00:00,15:30,00:15,15:45
Waabgon Gamig FNS,101154,North,08:45,00:15,09:00,02:00,11:00,00:30,11:30,01:00,12:30,01:00,13:30,02:00,,00:00,,00:00,15:30,00:15,15:45
Walter Scott,201383,Central,08:15,00:15,08:30,01:40,10:10,00:30,10:40,01:40,12:20,01:00,13:20,01:40,,00:00,,00:00,15:00,00:15,15:15
Wellington,201226,Central,08:45,00:15,09:00,01:40,10:40,00:30,11:10,01:40,12:50,01:00,13:50,01:40,,00:00,,00:00,15:30,00:15,15:45
Wendat Village,101151,North,08:45,00:15,09:00,01:40,10:40,00:30,11:10,01:40,12:50,01:00,13:50,01:40,,00:00,,00:00,15:30,00:15,15:45
Westminster,401385,West,08:20,00:15,08:35,01:40,10:15,00:20,10:35,01:40,12:15,01:00,13:15,01:40,,00:00,,00:00,14:55,00:15,15:10
Whispering Pines,201280,Central,08:55,00:15,09:10,01:40,10:50,00:30,11:20,01:40,13:00,01:00,14:00,01:40,,00:00,,00:00,15:40,00:15,15:55
Whitchurch Highlands,101288,North,08:55,00:15,09:10,01:40,10:50,00:30,11:20,01:40,13:00,01:00,14:00,01:40,,00:00,,00:00,15:40,00:15,15:55
Wilclay,301482,East,08:15,00:15,08:30,01:40,10:10,00:30,10:40,01:40,12:20,01:00,13:20,01:40,,00:00,,00:00,15:00,00:15,15:15
William Armstrong,301484,East,08:10,00:15,08:25,01:40,10:05,00:30,10:35,01:40,12:15,01:00,13:15,01:40,,00:00,,00:00,14:55,00:15,15:10
William Berczy,301486,East,08:45,00:15,09:00,01:40,10:40,00:30,11:10,01:40,12:50,01:00,13:50,01:40,,00:00,,00:00,15:30,00:15,15:45
Willowbrook,401487,West,08:25,00:15,08:40,01:40,10:20,00:30,10:50,01:40,12:30,01:00,13:30,01:40,,00:00,,00:00,15:10,00:15,15:25
Wilshire,401384,West,08:40,00:15,08:55,01:40,10:35,00:20,10:55,01:40,12:35,01:00,13:35,01:40,,00:00,,00:00,15:15,00:15,15:30
Windham Ridge,201228,Central,08:25,00:15,08:40,02:00,10:40,00:30,11:10,01:00,12:10,01:00,13:10,02:00,,00:00,,00:00,15:10,00:15,15:25
Wismer,301442,East,08:35,00:15,08:50,01:40,10:30,00:30,11:00,01:40,12:40,01:00,13:40,01:40,,00:00,,00:00,15:20,00:15,15:35
Woodbridge,401387,West,08:40,00:15,08:55,01:40,10:35,00:20,10:55,01:40,12:35,01:00,13:35,01:40,,00:00,,00:00,15:15,00:15,15:30
Woodland,401488,West,07:55,00:15,08:10,01:40,09:50,00:30,10:20,01:40,12:00,01:00,13:00,01:40,,00:00,,00:00,14:40,00:15,14:55
York Academy 0158,201360,Central,07:50,00:15,08:05,01:40,09:45,00:20,10:05,01:40,11:45,01:00,12:45,01:40,,00:00,,00:00,14:25,00:15,14:40
York Academy 2614,201275,Central,08:40,00:15,08:55,01:40,10:35,00:30,11:05,01:40,12:45,01:00,13:45,01:40,,00:00,,00:00,15:25,00:15,15:40
York Academy 3950,201240,Central,08:20,00:15,08:35,01:40,10:15,00:30,10:45,01:40,12:25,01:00,13:25,01:40,,00:00,,00:00,15:05,00:15,15:20
York Academy 4358,301229,East,08:00,00:15,08:15,01:40,09:55,00:30,10:25,01:40,12:05,01:00,13:05,01:40,,00:00,,00:00,14:45,00:15,15:00
York Academy 8095,201359,Central,08:50,00:15,09:05,01:40,10:45,00:30,11:15,01:40,12:55,01:00,13:55,01:40,,00:00,,00:00,15:35,00:15,15:50
York Academy 8132,401389,West,08:20,00:15,08:35,01:40,10:15,00:20,10:35,01:40,12:15,01:00,13:15,01:40,,00:00,,00:00,14:55,00:15,15:10
Yorkhill,401388,West,08:35,00:15,08:50,01:40,10:30,00:20,10:50,01:40,12:30,01:00,13:30,01:40,,00:00,,00:00,15:10,00:15,15:25
YRDSB Elem Virtual School,101121,,08:30,00:15,08:45,01:40,10:25,00:30,10:55,01:40,12:35,01:00,13:35,01:40,,00:00,,00:00,15:15,00:15,15:30